<!DOCTYPE idea-plugin PUBLIC "Plugin/DTD" "http://plugins.intellij.net/plugin.dtd">
<idea-plugin>
    <depends>DBHelper</depends>
    <name>LiquiBase Database Refactoring</name>
    <id>LiquiBase</id>
    <description>
        <![CDATA[LiquiBase Database Refactoring Plug-in for IntelliJ IDEA.
        <br><br>
        Adds a "Refactor" context menu to DBHelper's database explorer so you can refactor your database
        as easily as you refactor code.
        <br><br>
        All database refactorings you make are automatically saved to a changelog file which can then be
        ran against other developers, QA, and production databases.
        <br><br>
        LiquiBase is a database-independent library that is designed to manage changes in a way that works well with multiple developers and code branching/merging.
        <br><br>
        For more information, see http://www.liquibase.org/ide/intellij
        <br><br>
        Requires DBHelper plugin.
        ]]></description>
    <version>@BUILD.VERSION@.@INTELLIJ.BUILD.VERSION@</version>
    <change-notes>
        <![CDATA[
        1.9.2.0: Bug fixes<br>
        1.9.1.0: Bug fixes<br>
        1.9.0.0: New 1.9 LiquiBase functionality<br>
        1.8.0.0: New 1.8 functionality<br>
        1.7.0.2: Re-tried recompiled with Java 1.5 for Mac users<br>
        1.7.0.1: Recompiled with Java 1.5 for Mac users<br>
        1.7.0.0: New 1.7 functionality<br>
        1.6.0.0: Initial 1.5 IntelliJ release<br>
        1.5.2.0: Bug fixes in LiquiBase core library<br>
        1.5.1.0: Initial 1.5 IntelliJ release<br>
        1.4.1.5: Bug fixes<br>
        1.4.1.4: Bug fixes<br>
        1.4.1.3: Added help documentation, bug fixes<br>
        1.4.1.2: Fixed bug in plugin deployment<br>
        1.4.1.1: Added additional refactorings and wizard validation<br>
        ]]>
    </change-notes>
    <vendor url="http://www.liquibase.org/ide/intellij" email="nathan@voxland.net">liquibase.org</vendor>
    <idea-version since-build="3000"/>
    <project-components>
        <component>
            <implementation-class>org.liquibase.intellij.plugin.LiquibaseProjectComponent</implementation-class>
        </component>
    </project-components>
    <actions>
        <!--<group id="LiquibaseActionGroup"  text="LiquiBase" description="LiquiBase Actions" popup="true">-->
            <!--<add-to-group group-id="MainMenu" anchor="before" relative-to-action="WindowMenu"/>-->

            <!--<action id="LiquibaseMigrate" class="org.liquibase.intellij.plugin.action.MigrateAction" text="Migrate"-->
                    <!--description="Updates database">-->
                <!--<add-to-group group-id="WindowMenu" anchor="first"/>-->
            <!--</action>-->
            <!--<action id="TagAction" class="org.liquibase.intellij.plugin.action.TagAction" text="Tag Database"-->
                    <!--description="Tags database for later rollback">-->
                <!--<add-to-group group-id="MainMenu" anchor="before" relative-to-action="WindowMenu"/>-->
            <!--</action>-->
        <!--</group>-->

        <!--<group id="LiquibaseRefactorActionGroup"  text="Refactor" description="Refactor Database" popup="true">-->
            <!--<add-to-group group-id="MainMenu" anchor="before" relative-to-action="WindowMenu"/>-->
            <!--<action id="CreateTable" class="org.liquibase.intellij.plugin.change.action.AddTableAction" text="Create Table..." description="Create Table"/>-->
        <!--</group>-->
    </actions>
    <helpset file="help.jar" path="/help.hs" />
</idea-plugin>